Insurer,FY,Gross Premium,Net Premium,Net Earned Premium,Net Commisions Payable,Gross Claims Paid,Net Claims Paid,Net Claims Incurred,Unexpired Risk Adjustment,Management Expenses,Underwriting Profit/Loss
ABCI,2018,259348,30060,26166,-10298,58235,3683,10241,-339,20885,5677
Aetna,2018,66430,65433,12144,1557,2480,2480,12539,2115,1153,-5220
AIA (HK),2018,112084,112084,97384,16641,46116,46116,55091,0,4332,21320
AIA International,2018,1421797,1148533,1183472,44124,1166376,954968,975467,0,99455,64426
AIG Insurance HK,2018,1773448,721385,705314,-144163,679053,338890,460861,0,373178,15438
AGCS SE,2018,925878,561499,509229,43992,336066,176348,205863,8701,219559,31114
Allied World,2018,1004446,740916,750591,140841,921219,668588,355482,10046,169757,74465
Arch MI Asia,2018,16417,16417,64692,0,313,-350,-888,0,36734,28846
Asia Capital Re,2018,216283,197866,200455,53817,353395,198639,174302,0,8128,-35792
Asia Insurance,2018,1442075,939453,861348,224527,813426,389143,402723,0,81464,152634
ASIA-PACIFIC P&C,2018,20327,10149,12268,-43,13301,6536,-521,0,13183,-351
Generali,2018,1603904,1465306,1455696,283227,867797,795652,1042549,3001,156113,-29194
Gard P&I,2018,284871,143180,143180,12908,119924,99003,179286,0,2751,-51765
Skuld,2018,357133,108140,107099,11199,78045,44563,37511,0,63611,-5222
ACyC,2018,84981,26146,25468,-13332,27948,7173,7313,0,20832,10655
AXA China (Bermuda),2018,92,93,92,1,25679,16611,-427,0,1000,-482
AXA China (HK),2018,1135438,711751,701705,58554,887285,581658,610231,0,71484,-38564
AXA CS,2018,279776,186983,181768,32604,167473,117985,137672,3844,29364,-21716
AXA General,2018,3933434,3094393,3082017,621047,2336217,1806330,1922692,-46844,483215,101907
AXA Life,2018,0,0,0,0,0,0,0,0,0,0
BOC Group Insurance,2018,1882614,1453285,1491425,321338,1274206,964565,1030124,26050,105127,8786
BC Re,2018,124487,107159,105785,33959,69975,56891,47169,387,17798,6472
BE Re,2018,111910,105543,97401,27712,49088,43384,66308,5068,8394,-10081
Berkley Insurance,2018,104037,90296,72943,17879,19231,13181,39454,321,29616,-14327
BHSI,2018,346563,67885,69809,-59146,100705,20140,62261,402,83589,-17297
Blue Cross,2018,1349669,1291399,1253849,175678,915408,883750,911591,2353,64508,99719
Bupa,2018,3529856,2963757,2851561,180687,2457162,2118143,2149610,0,371879,149385
California Insurance,2018,51347,42196,47639,14693,15770,13787,30464,3080,9377,-9975
CGN Captive,2018,245097,130618,103196,14766,144,144,3999,0,8129,76302
Chevalier,2018,70382,52828,77987,2751,99784,72450,22616,10370,16939,25311
China BOCOM,2018,168517,40407,35718,8104,92842,11342,7765,145,15220,4484
China Merchants,2018,177384,133436,124425,47589,42546,37830,53337,0,16382,7117
China Overseas Insurance,2018,194789,151561,137559,148,217752,140437,87683,32555,15399,1774
China Pacific,2018,176945,68387,63186,15307,76257,31796,49199,423,13630,-15373
China Ping An,2018,390767,254660,245176,64497,193655,115677,184109,0,29581,-33011
CTPI(HK),2018,3195894,1926197,2248420,765790,2421466,1890290,1120985,3406,205138,153101
Chong Hing,2018,37574,26950,28698,-2985,21688,19838,18397,-1172,10059,4399
Chubb Insurance,2018,1464869,725968,698233,147985,806781,275710,271316,0,198052,80880
CIGNA Worldwide General,2018,794076,788759,728465,61185,515768,508655,530341,0,190443,-53504
CMBWL,2018,605112,496856,469152,80695,336768,285123,227694,44587,54973,61203
CNOOC Insurance,2018,655995,214437,183304,-12677,196613,39228,-30245,0,25533,200693
COFACE,2018,544127,399390,338379,67013,209244,105692,263559,13181,143352,-148726
Concord,2018,20220,14582,15950,2715,13671,7437,-3762,-720,7385,10332
Dah Sing Insurance (1976),2018,428545,288315,261618,69665,165447,96973,152708,3197,59730,-23682
East Point Re,2018,0,0,0,0,0,0,-5,0,3,2
EULER HERMES,2018,429324,45199,90637,-23609,234321,75834,75967,0,79285,-41006
Factory Mutual,2018,111425,52136,50452,-4730,967,1324,16748,0,4689,33745
Falcon Insurance,2018,375045,237598,241852,61247,230675,146180,122315,1404,52132,4754
Federal,2018,0,0,0,0,0,0,0,0,0,0
First American Title,2018,1973,1973,1973,0,0,0,-203,0,7086,-4910
FWD General,2018,512283,261745,266192,37674,275994,129452,137930,0,87542,3046
GAN,2018,0,0,0,0,7157,6464,-2367,0,3426,-1059
Gard M&E Ltd.,2018,51211,50550,18621,5304,2551,2551,8266,0,423,4628
GenRe,2018,21867,18952,20067,-2762,5426,5426,-42285,0,13297,51817
Hang Seng Insurance,2018,0,0,0,0,0,0,0,0,0,0
Hannover Re,2018,266741,133371,132401,18383,168012,84006,100163,159,7570,6126
HDI,2018,416937,85220,95193,7328,405480,92404,-9240,0,32254,64851
HKMCI,2018,447412,406254,262674,78782,3869,2843,2898,0,19432,161562
HKMC,2018,187345,159485,114738,51728,3687,3098,404,0,25443,37163
HK Re,2018,0,0,0,0,0,0,0,0,1,-1
Hong Leong Insurance (Asia),2018,193674,76665,76029,-30887,82626,32695,30814,0,52514,23588
HSBC Insurance,2018,0,0,0,0,0,0,0,0,0,0
Liberty Int'l,2018,970439,895347,846610,197420,481762,472056,488280,2500,111284,47126
LSMHK,2018,257391,168265,126419,30943,29001,24049,17751,0,67524,10201
Lloyd's,2018,837553,678238,669758,214403,467244,387029,649269,-716,12779,-205977
London Steam-Ship,2018,39868,7556,7556,4158,26076,2608,1089,0,2078,231
Min Xin,2018,7773,5935,8015,2074,14603,11276,1458,15,3747,721
MSIG Insurance,2018,1062488,831618,846176,233956,419544,355099,428193,12385,234793,-63151
Munich Re,2018,207332,172703,198737,28020,150075,150075,162364,0,20918,-12565
New India,2018,95458,92301,84605,31255,41465,39568,49083,-1070,7503,-2166
Pacific Insurance,2018,123146,104899,98279,19926,65006,54980,53169,3105,20516,1563
Paofoong,2018,65930,55112,54155,16055,24874,22721,24196,0,7919,5985
PartnerRe Europe,2018,8357,3510,3566,122,2438,1142,2463,0,886,95
Peak Re,2018,692425,642142,571084,129008,158924,153085,371926,0,14871,55279
PICC (HK),2018,574165,157469,152771,30065,93346,61349,104050,11223,32204,-24771
Pioneer,2018,31206,18379,18172,4202,12077,8118,8632,0,6413,-1075
Prudential (HK) General,2018,1008834,921141,875553,244454,473190,437734,463636,-5873,118921,54415
QBE General Insurance (HK),2018,521861,443053,448014,165523,208086,156795,149842,-11291,128522,15418
QBE HKSI,2018,1451333,-746099,-271538,460814,1036869,206448,-559058,-128913,351293,-395674
QBE MI Asia,2018,44526,-3655,62645,-6213,946,710,760,0,14609,53489
Swiss Re,2018,2261676,2259246,1942510,104909,352995,341174,1743723,0,83561,10317
SCOR Re,2018,102016,100767,103503,34226,42021,39041,124950,0,3655,-59328
Shipowners' Mutual,2018,65311,59994,60771,9577,31847,29034,49668,0,14290,-12764
Sincere Insurance,2018,38,4,4,0,0,0,0,0,0,4
SIL,2018,308551,186084,186247,-6473,137157,22294,55791,1536,19840,115553
Sompo Insurance (HK),2018,513568,279461,251782,56249,279805,98745,108825,67,64062,22579
Sompo Japan Nipponkoa,2018,15493,14497,28854,8393,76583,74523,15829,0,2379,2253
Sompo Japan Nipponkoa Re,2018,0,0,0,0,0,0,0,0,0,0
Starr,2018,577490,142392,147100,7445,385283,75654,102277,0,49114,-11736
Sun Hung Kai,2018,512263,243973,236325,-46853,338515,196279,184797,4060,29418,64903
Swiss Re Int'l SE,2018,53516,2588,9216,-16584,49636,12851,-165,0,29865,-3900
TPRe,2018,773269,586794,607262,116338,457189,374431,471374,0,24466,-4916
Target,2018,452262,391085,360803,36894,302142,272774,381971,13820,68354,-140236
Toa Re,2018,109128,104730,101385,367,54322,54322,80783,0,5262,14973
TMF (HK),2018,379985,295996,290020,49112,149053,134161,157315,0,70319,13274
Transatlantic Re,2018,92476,92458,87564,32703,46733,46665,102962,0,6838,-54939
Trinity,2018,139572,121667,122791,8735,104518,95878,111509,1106,4252,-2811
TT Club,2018,222617,31583,30735,-12722,47767,4085,9074,0,38591,-4208
Tugu,2018,60550,18757,21509,3379,119432,50647,-34882,-5772,9069,49715
United Builders,2018,11483,7408,8546,993,20531,20179,2470,3167,5715,-3799
UK P&I Club (Europe),2018,65683,17111,17111,5092,28321,2751,3472,0,2462,6085
Well Link Insurance,2018,63567,37754,38851,-6968,50595,28862,35800,-989,34818,-23810
West of England ,2018,463910,136315,136315,47742,371893,67911,67009,0,32664,-11100
XL Insurance,2018,883499,169400,174658,14493,209148,70532,133051,3111,119532,-95529
ZGIHK,2018,0,0,0,0,0,0,0,0,0,0
Zurich Insurance,2018,2348548,1341583,1316987,269993,1118815,725328,744306,9754,345486,-52552
ABCI,2019,244233,43640,44144,-302,107779,14688,36298,439,21089,-13380
Aetna,2019,306570,302427,229446,26458,138802,138802,173507,-2115,21821,9775
AIA (HK),2019,148655,148654,148896,19899,95176,95176,97336,0,4347,27314
AIA International,2019,1685056,1310373,1269321,51614,1331585,1041401,1064691,0,126755,26261
AIG Insurance HK,2019,1913755,752591,750826,-151669,922593,389757,501084,0,354980,46431
AGCS SE,2019,928619,562929,619210,36230,417288,252489,179867,-9051,244031,168133
Allied World,2019,1006792,686145,718197,113374,561641,452657,400819,-4699,156319,52384
Arch MI Asia,2019,18365,18365,49350,0,377,43,215,0,27938,21197
Asia Capital Re,2019,140301,124495,180508,45622,202450,135118,108147,0,8898,17841
Asia Insurance,2019,1658877,1042777,961873,245714,922437,415498,470856,0,88916,156387
ASIA-PACIFIC P&C,2019,43298,23837,21071,3154,19026,11939,24445,0,18412,-24940
Generali,2019,1455066,1260648,1267748,261111,1040553,904298,960502,2173,106759,-62797
Gard P&I,2019,316683,166593,166594,13593,149991,122629,211481,0,4620,-63100
Skuld,2019,337266,105545,105602,11088,117256,42283,46046,0,53862,-5394
ACyC,2019,101180,40223,36476,-11060,12695,3611,13860,0,23738,9938
Avo Insurance,2019,335,321,25,-1,0,0,19,0,4434,-4427
AXA China (Bermuda),2019,81,81,84,1,15370,10407,-629,0,0,712
AXA China (HK),2019,1109742,679524,686946,58963,827661,498264,592535,0,74129,-38681
AXA CS,2019,220501,139770,107609,19642,90149,58143,68692,0,12179,7096
AXA General,2019,4309078,3362377,3274957,661693,2292454,1795393,1885945,-3995,580783,150531
AXA Life,2019,0,0,0,0,0,0,0,0,341,-341
BOC Group Insurance,2019,1890271,1457819,1530707,320627,1295957,983299,1143079,-4040,99260,-28219
BC Re,2019,147853,130637,122708,33682,100966,62385,68684,5649,9638,5055
BE Re,2019,137344,129917,120636,34995,79616,62826,98220,5624,10410,-28613
Berkley Insurance,2019,148150,128584,113498,27594,36968,31622,60502,-87,27394,-1905
BHSI,2019,568266,111835,89108,-62404,125251,25049,65526,364,90755,-5133
Blue Cross,2019,1332882,1270903,1299317,171645,935150,907207,918599,5426,73306,130341
Britannia P&I,2019,0,0,0,0,0,0,0,0,0,0
Bupa,2019,3798197,3280220,3204294,202560,2748202,2381943,2413691,0,493142,94901
California Insurance,2019,42696,34650,42689,13374,27821,19331,36974,1547,7997,-17203
CGN Captive,2019,242034,140631,123343,19964,15845,507,12222,0,8624,82533
Chevalier,2019,150773,151086,101357,14331,70402,59976,42452,-7485,18645,33414
China BOCOM,2019,173844,55718,33921,10044,114400,8117,-5446,4571,18345,6407
China Merchants,2019,212923,145072,141373,47253,49673,40476,62854,0,20985,10281
China Overseas Insurance,2019,318613,243822,158571,1912,165949,152784,122113,48467,13512,-27433
China Pacific,2019,269927,92138,81769,12989,77547,27708,53276,4111,16018,-4625
China Ping An,2019,449993,276601,262358,68739,303188,172142,277694,3351,33936,-121362
CTPI(HK),2019,3370075,2408063,2229775,833414,1619965,1098514,1257104,-2181,226785,-85347
Chong Hing,2019,39962,27690,27485,-3648,15351,14743,9180,362,10528,11063
Chubb Insurance,2019,1579000,829291,815612,147420,686400,281455,410897,11377,263275,-17357
CIGNA Worldwide General,2019,1037662,1030131,913445,73943,605120,597795,606684,0,210407,22411
CMBWL,2019,673354,555131,517271,88620,312842,253328,267299,19093,58942,83317
CNOOC Insurance,2019,634819,217006,207765,-807,245631,39594,-43364,0,28101,223835
COFACE,2019,591752,372495,386474,78990,302303,86575,124853,-16955,138527,61059
Concord,2019,20500,14253,14454,2489,12643,5585,-327,315,7687,4290
Dah Sing Insurance (1976),2019,557527,398194,353324,81183,343162,174203,209964,-3197,63746,1628
East Point Re,2019,0,0,0,0,0,0,-5,0,19,-14
EULER HERMES,2019,451782,80338,83622,-36648,176440,53858,30621,0,75011,14638
Factory Mutual,2019,125388,49504,47893,-8582,6810,3072,19324,0,9519,27632
Falcon Insurance,2019,411450,256143,251182,60264,304058,167282,133609,250,52675,4384
First American Title,2019,4550,4550,4550,0,29,29,279,0,7242,-2971
FWD General,2019,602572,302777,295966,43958,326714,140452,136433,0,95007,20568
GAN,2019,0,0,0,0,7323,6993,-19367,0,3323,16044
Gard M&E Ltd.,2019,53326,25772,26244,11249,12661,9062,18465,0,590,-4060
GenRe,2019,35573,28527,27992,573,-2275,-521,25899,0,9027,-7507
Hang Seng Insurance,2019,0,0,0,0,0,0,0,0,0,0
Hannover Re,2019,307180,153590,152789,29356,192238,96119,81550,-1123,7793,35213
HDI,2019,274754,95877,93537,2912,361429,27566,5268,-10413,36150,59620
HKMCI,2019,542438,466215,356823,138189,2446,-1003,3397,0,32915,182322
Hong Leong Insurance (Asia),2019,234439,81653,81405,-36825,100365,34361,39638,0,54187,24405
HSBC Insurance,2019,0,0,0,0,0,0,0,0,0,0
Liberty Int'l,2019,1123697,1048064,999594,228879,630261,579619,618456,0,132488,19771
LSMHK,2019,315240,200270,168713,38410,68652,31686,59223,0,65563,5517
Lloyd's,2019,675181,510897,576805,147187,570118,462625,422377,-44,14762,-7477
London Steam-Ship,2019,39033,7400,7150,3897,25619,2562,2616,0,2116,-1479
Min Xin,2019,16746,13926,10154,3396,12538,10305,-4058,-547,5243,6120
MSIG Insurance,2019,1057708,828422,833493,215388,470114,377627,372871,-8686,237868,16052
Munich Re,2019,283457,249036,209282,34898,123204,122608,12340,0,29039,133005
New India,2019,110169,106105,102605,36783,53735,53735,82989,0,7603,-24770
Pacific Insurance,2019,140290,119810,113692,22504,59231,48020,62983,1406,22384,4415
Paofoong,2019,81564,69681,70445,16083,41702,31707,37652,0,8692,8018
PartnerRe Europe,2019,4893,1816,1839,72,3312,1431,-1595,0,946,2416
Peak Re,2019,679210,628478,636370,141488,220304,208383,522245,0,15186,-42549
PICC (HK),2019,571686,123661,143438,19396,160280,77345,158034,20369,45757,-100118
Pioneer,2019,24786,18404,18432,6019,10294,6487,5603,122,11021,-4333
Prudential (HK) General,2019,1092100,1001818,979261,268533,538194,502479,522699,-888,131790,57127
QBE General Insurance (HK),2019,491018,457090,466673,164423,235997,197245,161315,1020,138522,1393
QBE HKSI,2019,1328413,1222651,1191256,420866,949072,510837,762487,0,277353,-269450
QBE MI Asia,2019,71053,53601,47400,-4700,146,109,448,0,14761,36891
Swiss Re,2019,661530,658536,778499,104018,1049600,1047136,757043,0,84763,-167325
SCOR Re,2019,130358,127275,123192,41022,135219,127346,105475,0,3821,-27126
SEIL,2019,86716,63871,57482,-1705,0,0,32385,329,1115,25358
Shipowners' Mutual,2019,74791,69546,65762,10242,51146,32236,94824,0,15093,-54397
Sincere Insurance,2019,67,6,5,2,0,0,0,0,0,3
SIL,2019,394192,167231,160985,-1326,287203,37322,80215,-1517,22536,61077
Sompo Insurance (HK),2019,512350,256732,258390,61440,373285,107185,131068,116,61942,3824
Sompo Japan,2019,2744,2582,3573,1754,83357,82873,-39075,0,1854,39040
Sompo Japan Nipponkoa Re,2019,0,0,0,0,0,0,0,0,0,0
Standard Club Asia,2019,0,0,0,0,0,0,0,0,0,0
Starr,2019,405012,150965,154896,6474,271139,92861,130785,1356,48109,-31828
STEAMSHIP MUTUAL,2019,0,0,0,0,0,0,0,0,0,0
Sun Hung Kai,2019,710476,330829,238476,-58227,409076,215608,175892,18734,29656,72421
Swiss Re (Asia),2019,0,0,0,0,0,0,0,0,0,0
Swiss Re Int'l SE,2019,124962,7032,2575,-36139,430373,-13322,-6466,0,25341,19839
TPRe,2019,1100359,760312,735469,168354,592279,430394,446892,0,38289,81934
Target,2019,527743,443674,397897,42498,358691,306561,491768,20770,66195,-223334
Toa Re,2019,109376,105098,106508,-277,51832,51832,117094,6981,5860,-23150
TMF (HK),2019,367673,283259,288827,51199,160355,131237,120946,163,67172,49347
Transatlantic Re,2019,93962,91778,85133,33229,95415,95398,12210,0,6180,33514
Trinity,2019,140389,122266,122127,9420,128895,107064,121941,-1821,4387,-11800
TT Club,2019,248311,37971,35485,-28963,103830,8040,5470,0,58721,257
Tugu,2019,42839,12779,13527,2234,106167,32544,-31023,1646,8700,31970
United Builders,2019,14868,10682,8916,1495,15946,7731,2891,-645,6639,-1464
UK P&I Club (Europe),2019,43372,11350,11350,3370,21517,2116,3745,0,2047,2188
Well Link Insurance,2019,80854,53369,45297,-3815,53740,30096,44304,-2031,34484,-27645
West of England ,2019,482884,144538,144538,52929,377019,70208,70902,0,33490,-12783
XL Insurance,2019,1127889,230640,247137,42389,321304,107299,157460,17800,121898,-92410
ZGIHK,2019,0,0,0,0,0,0,0,0,0,0
Zurich Insurance,2019,2468318,1082412,968090,278015,1300130,733033,320593,-7633,380512,-3397
ABCI,2020,256469,37804,38290,1379,123856,16284,26747,1572,21399,-12807
Aetna,2020,340794,336397,323329,39063,260590,254423,255373,20413,26526,-18046
AIA (HK),2020,196221,196221,205252,35050,114052,114052,119549,0,4426,46227
AIA International,2020,1698208,1267320,1193484,44384,1170176,886881,893909,0,133711,121480
AIG Insurance HK,2020,1947496,768422,781503,-159752,1087936,423635,479393,6550,325069,130243
AGCS SE,2020,1114701,602609,591743,25402,334637,214109,274588,-10445,232529,69669
Allied World,2020,965241,701888,740300,126019,518670,409084,319318,2603,156132,136228
Arch MI Asia,2020,-25,-25,35174,0,1068,679,508,0,23358,11308
Asia Capital Re,2020,11181,5144,66126,3055,207984,147759,90433,14916,2859,-45137
Asia Insurance,2020,1710654,1093074,1024515,249220,706354,387973,503683,0,117579,154033
ASIA-PACIFIC P&C,2020,39433,21971,20586,877,6680,4569,8338,0,7746,3625
Generali,2020,1525846,1310594,1308328,251186,921465,770138,854532,30548,102662,69400
Gard P&I,2020,318848,154363,153556,16685,175736,146042,142951,0,5246,-11326
Skuld,2020,330108,100519,100901,9451,53902,17959,56009,0,63351,-27910
ACyC,2020,105764,41426,44237,-16267,23299,7582,19404,0,22258,18842
Avo Insurance,2020,1012,912,1125,-10,4,2,285,0,24649,-23799
AXA China (Bermuda),2020,43409,43409,41346,17727,12366,11521,-16364,0,6516,33467
AXA China (HK),2020,1015425,525143,566055,54317,727734,417447,464529,0,57498,-10289
AXA General,2020,4432763,3480510,3439950,655397,2833653,1752284,1834614,0,577701,372238
AXA Life,2020,0,0,0,0,0,0,0,0,342,-342
BOC Group Insurance,2020,1844905,1412775,1372812,235588,996395,770741,900801,0,94418,142005
BC Re,2020,148395,130975,127228,32967,108307,91416,67142,-4000,8179,22940
BE Re,2020,142755,137105,129616,33861,94266,84459,86311,-2701,9767,2378
Berkley Insurance,2020,180645,157295,150361,36916,32078,27480,62568,-2153,28464,24566
BHSI,2020,1097952,217205,120063,-53888,176454,35290,80046,-519,88292,6132
Blue Cross,2020,1206124,1143268,1161994,141476,757284,722238,663514,550,71720,284734
Britannia P&I,2020,36716,8949,8949,4848,8273,574,6950,0,6505,-9354
Bupa,2020,3901846,3375352,3370110,206634,2552796,2223070,2256835,45264,663274,198103
California Insurance,2020,59529,49144,51031,17415,39134,28200,44928,-1634,8414,-18092
CGN Captive,2020,284102,137082,121356,21673,11443,5072,8263,0,9455,81965
Chevalier,2020,184448,172512,94694,12608,43900,41650,13182,12251,17992,38661
China BOCOM,2020,197428,51553,69244,16285,146404,21584,33765,-3747,19912,3029
China Merchants,2020,229318,128294,134951,25969,49003,36566,72141,0,23947,12894
China Overseas Insurance,2020,268651,209799,217683,1283,168523,149633,221562,0,12816,-17978
China Pacific,2020,322830,111255,104415,17902,133230,33863,59319,-2825,20562,9457
China Ping An,2020,498134,293039,283035,75940,316020,174834,225017,2871,29613,-50406
CTPI(HK),2020,3569977,2571166,2640466,881050,1847037,1240095,1396367,-562,273207,90404
Chong Hing,2020,37067,26271,26794,-2740,21793,19451,9358,-36,9820,10392
Chubb Insurance,2020,1689761,877875,813771,146937,647215,308818,393306,1430,240762,31336
CIGNA Worldwide General,2020,1093216,1085509,1047250,87030,652712,645174,668050,0,266216,25954
CMBWL,2020,735411,613159,588875,95141,283640,239509,345252,-9522,61666,96338
CNOOC Insurance,2020,657518,202015,209087,0,265984,33628,35771,0,31806,141510
COFACE,2020,499522,317070,320192,36843,248717,142594,45597,1776,156606,79370
Concord,2020,19942,13990,14188,2035,4777,4335,1034,-64,15246,-4063
Dah Sing Insurance (1976),2020,551564,395701,380880,77798,259446,183762,249362,0,62009,-8289
East Point Re,2020,0,0,0,0,0,0,-4,0,5,-1
EULER HERMES,2020,341270,72381,69080,-28588,211045,89268,94232,0,54700,-51264
Factory Mutual,2020,207881,119794,98140,-3056,82902,33551,52238,0,12227,36731
Falcon Insurance,2020,401921,246103,246906,58838,296401,133563,124014,-12908,58220,18742
First American Title,2020,-34,-34,-34,0,0,0,-185,0,6909,-6758
FWD General,2020,581937,272350,287392,19388,310665,132534,113014,0,109229,45761
GAN,2020,0,0,0,0,1781,1770,-6768,0,3229,3539
Gard M&E Ltd.,2020,59786,28680,28295,9898,21804,14385,23029,0,465,-5097
GenRe,2020,53979,43204,30599,-98,20164,19687,-8969,0,7821,31845
Hang Seng Insurance,2020,0,0,0,0,0,0,0,0,0,0
Hannover Re,2020,383844,191922,190580,40503,217899,108950,135929,1264,11765,1119
HDI,2020,356409,137708,132512,8272,259771,84822,64019,-4790,32426,32585
HKMCI,2020,2072030,1841392,454795,665739,6397,4328,23958,0,35596,-270498
Hong Leong Insurance (Asia),2020,248311,75861,77370,-39784,139187,38029,38823,0,62221,16110
HSBC Insurance,2020,0,0,0,0,0,0,0,0,0,0
Liberty Int'l,2020,1234237,1166150,1125906,254521,598789,565681,658268,0,133359,79758
LSMHK,2020,402272,249191,209584,40132,71615,44945,95849,0,71630,1973
Lloyd's,2020,688531,550999,452929,147185,408054,321548,205648,18826,16305,64965
London Steam-Ship,2020,35361,6681,6600,4193,26552,2655,1567,0,1775,-935
Min Xin,2020,32331,24203,19784,6414,11081,8830,10522,822,4312,-2286
MSIG Insurance,2020,1011641,752081,761897,199485,439382,319614,347761,-6032,206448,14235
Munich Re,2020,488195,473148,350088,45715,-110161,-110284,230073,0,26709,47591
New India,2020,95026,92587,98890,29785,65340,65340,121272,0,7851,-60018
OneDegree,2020,8559,7718,2140,-202,1615,1295,1490,0,28984,-28132
Pacific Insurance,2020,149855,128233,128104,21287,58739,50826,86556,-1170,22418,-987
Paofoong,2020,76448,64642,64625,16410,32972,32553,32059,-736,8981,7911
PartnerRe Europe,2020,7176,2494,1864,-116,899,444,3719,0,699,-2438
Peak Re,2020,934277,867460,819438,160293,302565,276009,773166,0,19958,-133979
PICC (HK),2020,633284,152966,153277,11625,203064,98640,118785,-32588,37366,18089
Pioneer,2020,28214,19176,18543,5529,7285,4784,4154,155,11547,-2842
Prudential (HK) General,2020,1002602,943949,946652,250120,484852,451159,506404,-212,140743,49597
QBE General Insurance (HK),2020,382394,363727,379285,147611,151673,125802,49674,-1449,101680,81769
QBE HKSI,2020,1095442,1006700,1105300,330137,851166,471455,631811,0,246099,-102747
QBE MI Asia,2020,168997,84851,49854,-6449,536,402,410,0,14280,41613
SCOR Re,2020,133221,106826,109326,35535,154323,85882,63538,0,5496,4757
SEIL,2020,50709,44276,50653,933,17079,16477,38475,-329,878,10696
Shipowners' Mutual,2020,75790,70713,68619,10593,31590,33161,67172,0,14519,-23665
Sincere Insurance,2020,20,2,4,-1,0,0,0,0,0,5
SIL,2020,354847,164768,161029,-10674,155756,88091,90428,-18,25696,55597
Sompo Insurance (HK),2020,485401,231288,235058,49229,270988,103320,110110,-255,60066,15908
Sompo Japan,2020,1540,659,1633,204,249937,235650,37520,0,1286,-37377
Sompo Japan Nipponkoa Re,2020,0,0,0,0,0,0,0,0,0,0
Standard Club Asia,2020,44876,8519,8495,1045,15794,1624,3004,0,3699,747
Starr,2020,447997,100326,102956,-17823,306976,111399,102661,581,37340,-19803
STEAMSHIP MUTUAL,2020,171576,39733,39610,7669,25650,16214,19043,0,8347,4551
Sun Hung Kai,2020,635772,284697,289114,-63818,429649,191662,241259,8723,30064,72886
Swiss Re (Asia),2020,998795,998087,987963,145269,829974,822826,827590,-4031,32575,-13440
Swiss Re Int'l SE,2020,196655,9171,7653,-19712,451003,2309,3826,0,22981,558
TPRe,2020,1534606,957444,890355,173282,571211,380028,564265,0,54714,98094
Target,2020,559551,474544,475131,55954,450472,380810,325465,-23556,60090,57178
Toa Re,2020,122440,117487,122994,33866,72665,72546,52617,-4053,6206,34358
TMF (HK),2020,387777,294160,284481,52433,116800,105025,105175,-163,64043,62993
Transatlantic Re,2020,81063,77146,97445,25455,73418,73345,77875,0,4657,-10542
Trinity,2020,126693,111269,111840,9059,121438,99234,148720,972,3626,-50537
TT Club,2020,234463,37414,37336,-15510,103292,8382,7675,0,43080,2091
Tugu,2020,41822,8642,10141,787,81196,9576,-10928,-2125,6789,15618
United Builders,2020,38602,29266,10730,2461,13103,12069,2886,6594,6309,-7520
UK P&I Club,2020,42825,8839,8839,3372,33512,3360,2389,0,2683,395
Well Link Insurance,2020,101931,92100,77158,4526,55696,33995,57070,-959,34902,-18381
West of England ,2020,469903,132814,132638,47851,282339,66804,42433,0,31494,10860
XL Insurance,2020,1586218,263547,267316,45923,501907,191482,119453,-10405,121824,-9479
ZGIHK,2020,0,0,0,0,0,0,0,0,0,0
Zurich Insurance,2020,2250756,1294553,1333292,246384,1002328,582061,744459,2818,396870,-57239
ABCI,2021,259737,32767,33714,-2223,175245,19687,19554,525,23529,-7671
Aetna,2021,435520,429691,391994,45171,306096,301958,304491,-8750,26441,24641
AIA (HK),2021,208001,191093,188296,32421,166842,155375,155777,0,4118,-4020
AIA International,2021,1701065,1258429,1273246,43486,1483620,1085108,1078680,0,126307,24773
AIG Insurance HK,2021,1944670,764986,758470,-119956,909930,341738,469205,0,324123,85098
AGCS SE,2021,1204667,650566,601664,17375,317094,203072,343528,-1817,213731,28847
Allied World,2021,772181,559690,589200,111742,536428,382078,372234,-439,132380,-26717
Arch MI Asia,2021,-319,-319,29288,0,265,265,1173,22963,21644,-16492
Asia Capital Re,2021,-2020,-1444,8167,-246,27989,37552,-1832,-2394,6442,6197
Asia Insurance,2021,1883252,1206085,1132337,282517,788201,430709,569241,0,104486,176093
ASIA-PACIFIC P&C,2021,51625,30181,28877,2201,31213,19812,16669,0,9706,301
Generali,2021,1735170,957970,1016722,128685,868497,737051,681254,-11600,154677,63706
Gard P&I,2021,386750,202847,202815,6274,171378,142203,256831,0,4731,-65021
Skuld,2021,349736,108128,107714,10053,347297,83885,50558,0,64978,-17875
ACyC,2021,112576,55696,53122,-12403,10401,5330,5697,0,47412,12416
Avo Insurance,2021,1427,1205,950,-35,5,4,43,0,26219,-25277
AXA China (Bermuda),2021,388832,388832,297513,80236,98329,98062,102653,0,10453,104171
AXA China (HK),2021,1000230,588711,562913,60084,867049,534212,485374,0,53758,-36303
AXA General,2021,4255141,3628240,3583854,682497,3162507,2054664,2161735,0,639231,100391
AXA Life,2021,0,0,0,0,0,0,0,0,300,-300
BOC Group Insurance,2021,1586818,1216914,1343770,171661,948413,802846,817250,37129,78464,239266
BC Re,2021,165367,139028,129093,32608,71383,65910,56363,-307,9938,30491
BE Re,2021,154288,149707,134663,30781,65477,61918,67428,2080,10778,23596
Berkley Insurance,2021,269586,237028,210602,57641,35295,32157,87523,-38,34261,31215
BHSI,2021,680386,133127,144677,-62896,316707,44322,91211,-247,97301,19308
Blue Cross,2021,1099982,1037242,1056632,131892,868232,835421,811740,13145,72105,27750
Britannia Europe P&I,2021,0,0,0,0,0,0,0,0,0,3889
Britannia P&I,2021,40418,6817,6817,2095,83123,3904,15,0,12082,-11264
Bupa,2021,4109182,3441077,3352280,196553,3210737,2787380,2814918,-45264,429421,-43348
California Insurance,2021,51746,42223,42050,15903,40419,29178,10297,857,7133,7860
CGN Captive,2021,331618,169500,154628,24500,6779,5898,23757,0,9799,96572
Chevalier,2021,393748,359972,186903,32115,41688,35960,93614,-358,18097,43435
China BOCOM,2021,223094,59484,56471,17298,90997,10802,21910,-794,18454,-397
China Merchants,2021,256315,128428,129107,17174,64491,42799,52958,1407,25280,32288
China Overseas Insurance,2021,346065,278009,237273,2201,178440,163283,214355,27237,13386,-19906
China Pacific,2021,333900,103795,107193,20173,170639,45231,68312,2432,20506,-4230
China Ping An,2021,529152,290170,295057,84385,433988,238941,229351,-4300,28947,-43326
CTPI(HK),2021,2639830,1692159,1826137,397976,1403920,1047720,1049223,4448,256994,117496
Chong Hing,2021,39808,28326,28843,-2468,18799,15854,13670,-529,10615,7555
Chubb Insurance,2021,1584791,820748,810925,139875,547303,307968,353853,-2407,235893,83711
CIGNA Worldwide General,2021,1237150,1233761,1167253,88034,793584,791984,801855,0,268702,8662
CMBWL,2021,853114,683464,644511,101325,320347,267921,393337,-17029,65046,101832
CNOOC Insurance,2021,638130,236689,238036,0,206764,37405,82840,0,28753,126443
COFACE,2021,479722,297787,309775,12549,232196,102385,22201,-7459,156280,126204
Concord,2021,37566,20561,14772,2193,6219,3555,3464,-251,22203,-12837
Dah Sing Insurance (1976),2021,593367,410486,377505,81921,328752,243153,237837,0,63780,-6033
East Point Re,2021,0,0,0,0,0,0,-57,0,2,55
EULER HERMES,2021,402655,89204,93651,-26345,39254,8955,16799,0,68724,34473
Factory Mutual,2021,242638,120931,114720,-9473,24067,16434,-3687,0,16201,111679
Falcon Insurance,2021,417821,260797,266563,63935,244380,151663,125824,-2193,60139,18858
First American Title,2021,0,0,0,0,0,0,0,0,3796,-3796
FuSure Re,2021,0,0,0,0,0,0,0,0,0,0
FWD General,2021,521898,206185,256733,58104,299690,118002,85793,0,89216,23620
GAN,2021,0,0,0,0,994,992,-9898,0,2911,6987
Gard M&E Ltd.,2021,70409,33229,30918,8988,28656,18957,21008,0,512,410
GenRe,2021,50022,40366,43343,-662,21439,17152,-8490,0,10978,41517
Hang Seng Insurance,2021,0,0,0,0,0,0,0,0,0,0
Hannover Re,2021,213259,106630,107113,-7620,152022,76011,115242,1859,6316,-8684
HDI,2021,363667,152031,131309,13145,148240,39368,30641,954,33064,53505
HKMCI,2021,3036000,2839155,831191,961383,729,-2794,28665,0,43942,-202799
Hong Leong Insurance (Asia),2021,219133,69417,67978,-35405,144896,30661,31035,0,54609,17739
HSBC Insurance,2021,0,0,0,0,0,0,0,0,0,0
Liberty Int'l,2021,1306714,1244978,1193960,269946,717951,688066,793380,0,155113,-24479
LSMHK,2021,452508,282693,267135,54650,95410,31463,130386,0,68624,13475
Lloyd's,2021,632224,477813,458253,120836,316742,250311,235510,3151,15987,82769
London Steam-Ship,2021,26398,4851,4823,3376,11907,1190,2042,0,1282,-1877
Min Xin,2021,40168,28497,28343,8213,12952,10559,23450,48,3979,-7347
MSIG Insurance,2021,961060,718186,736218,197242,355698,310434,306664,2116,225617,4579
Munich Re,2021,458185,439782,388821,48339,173959,173765,153714,0,21681,165087
New India,2021,101331,97597,98063,30143,78335,78335,163992,1989,7375,-105436
OneDegree,2021,45945,44394,25111,-444,25510,24806,27070,0,72862,-74377
Pacific Insurance,2021,135131,115275,118597,18456,84317,67098,77761,-4246,23740,2886
Paofoong,2021,66511,57220,59750,15611,29573,27473,25957,-195,8274,10103
PartnerRe Europe,2021,14990,5176,3872,329,3968,1757,840,0,1297,1406
Peak Re,2021,837615,779891,786374,184095,420175,388800,572100,0,19711,10468
PICC (HK),2021,824627,129289,144228,-9415,240245,102060,84531,-14099,32878,50333
Pioneer,2021,26249,18354,19194,5571,8163,6609,2451,85,11639,-552
Prudential (HK) General,2021,954529,903560,904246,233191,514942,506338,488432,-3084,134557,51150
QBE General Insurance (HK),2021,374975,342370,338582,128052,101157,84176,46235,0,107034,57261
QBE HKSI,2021,1132355,1025323,991973,272910,671726,496396,504878,0,253793,-39608
QBE MI Asia,2021,206304,102970,64734,-14028,-333,-250,-467,0,17701,61528
SCOR Re,2021,139458,102099,93277,33642,74636,33770,43220,0,13064,3351
SEIL,2021,258,-93,-747,-35,8328,7915,-10122,0,2360,7050
Shipowners' Mutual,2021,87061,81014,76697,11893,33886,46762,24468,0,15342,24994
Sincere Insurance,2021,0,0,0,0,0,0,0,0,0,0
SIL,2021,538845,179050,164342,-14810,231123,136272,90365,444,24771,63572
Sompo Insurance (HK),2021,485745,261738,249929,52022,239948,100649,106983,1152,61191,28581
Standard Club Asia,2021,61556,11548,11527,1535,25293,2630,7443,0,6051,-3502
Starr,2021,624089,167384,126105,-1127,269594,62267,65220,-702,46133,16581
STEAMSHIP MUTUAL,2021,173541,44670,44685,9633,62724,19632,29704,0,7615,-2267
Sun Hung Kai,2021,715867,317571,306368,-69647,443349,188350,241628,18137,28521,87729
Swiss Re (Asia),2021,820949,819473,733289,136779,746038,743949,708972,-578,50244,-162128
Swiss Re Int'l SE,2021,174856,10223,8071,-23522,218811,-1512,-977,0,22739,9831
TPRe,2021,1515004,1060411,973132,222483,501136,315953,643542,0,49365,57742
Target,2021,809532,724088,617033,93918,458120,386028,478237,40359,70715,-66196
Toa Re,2021,128816,124584,120639,32544,66951,66951,17508,-2886,5517,67956
TMF (HK),2021,399930,306856,298736,55707,163642,133442,142028,1605,69914,29482
Transatlantic Re,2021,70899,64485,63647,19617,21393,21157,36269,0,4825,2936
Trinity,2021,109573,94725,112739,8184,133054,118494,150909,7288,4446,-58088
TT Club,2021,248285,42400,41202,-15038,91781,6143,15796,0,40188,256
Tugu,2021,74626,40843,35905,11013,85184,17439,30440,2538,10450,-18536
United Builders,2021,75948,55462,27801,5685,9749,6886,22002,-2313,6552,-4125
UK P&I Club,2021,43610,8601,8601,3112,25611,1946,2034,0,1457,1998
Well Link Insurance,2021,117026,105977,101348,12393,68070,48867,66129,89,37721,-14984
West of England ,2021,476490,130439,130321,47702,230999,63008,94966,0,30718,-43065
XL Insurance,2021,1788799,246853,237400,-8283,512896,98122,96408,-26623,117308,58590
ZGIHK,2021,0,0,0,0,0,0,0,0,0,0
Zurich Insurance,2021,2430981,1446772,1412854,290754,1019404,582541,887730,32623,334199,-132452
ABCI,2022,226499,39550,35436,1230,131232,20870,19439,2623,25825,-13681
Aetna,2022,312811,308463,412661,48776,302886,302886,298118,-11663,15393,62037
AIA (HK),2022,358903,332897,319400,33362,287289,268624,280372,0,4166,1500
AIA International,2022,1906417,1243842,1227162,52523,1601106,1055093,1052806,0,167493,-45660
AIG Insurance HK,2022,2111246,881105,840989,-112431,458893,241665,481786,0,377941,93693
AGCS SE,2022,1487770,635129,667807,-3066,361603,223618,288180,7905,230138,144650
Allied World,2022,768289,578116,574217,112859,333883,263884,127430,-658,161224,173362
Arch MI Asia,2022,-177,-177,22322,0,146,-936,-1468,-2234,20894,5130
Asia Capital Re,2022,0,0,0,0,0,0,0,0,0,0
Asia Insurance,2022,2053632,1354889,1275309,344902,714205,473113,593684,10000,136923,189800
ASIA-PACIFIC P&C,2022,46996,26640,27355,2023,21523,14765,16618,0,13192,-4478
Generali,2022,1908805,683243,756198,30179,749806,590277,452086,-13539,194477,92995
Gard P&I,2022,370943,195533,195382,14037,185189,151588,138478,0,8722,34145
Skuld,2022,371812,105865,104748,8580,207028,58928,44645,0,64544,-13021
ACyC,2022,118185,67109,67063,-7114,10638,6152,39714,0,50664,-16201
Avo Insurance,2022,2016,1737,1291,-110,96,87,227,0,28489,-27315
AXA China (Bermuda),2022,635641,635641,597886,190331,190253,190248,344815,0,20421,42319
AXA China (HK),2022,1043951,623067,623577,67605,834988,528192,497403,0,80503,-21934
AXA General,2022,4425989,3845454,3796379,692543,3182877,2169717,2227182,0,643078,233576
AXA Life,2022,0,0,0,0,0,0,0,0,300,-300
BOC Group Insurance,2022,1860139,1583070,1351065,193099,820984,742215,726660,90905,91782,248619
BC Re,2022,151370,124471,127736,35378,64146,59807,62730,-2500,9793,22335
BE Re,2022,127366,122826,125756,32713,55750,50918,81941,-6448,10485,7065
Berkley Insurance,2022,254644,222315,224742,58094,38657,28674,73417,867,37600,54764
BHSI,2022,565093,110043,143924,-61371,509705,58078,101063,10538,89931,3763
Blue Cross,2022,1155522,1094187,1085928,135575,849754,812613,816985,-18903,79891,72380
Bolttech Insurance,2022,520397,271479,260553,63103,294604,102826,101388,0,114711,-18649
Britannia Europe P&I,2022,47850,11831,11831,3217,29518,783,5292,0,14568,-11246
Bupa,2022,4049004,3337930,3288274,195494,3117478,2661679,2627875,0,601348,-136443
California Insurance,2022,46032,38113,37149,14553,37084,23181,9049,559,5875,7113
CGN Captive,2022,314674,215205,201968,24917,28430,5122,47664,0,10488,118899
Chevalier,2022,602503,567857,325454,58595,41571,38698,208631,-14764,19649,53343
China BOCOM,2022,260588,73703,72952,33241,153195,21796,26004,1593,21379,-9265
China Merchants,2022,0,0,0,0,0,0,0,0,0,0
China Overseas Insurance,2022,450316,367020,437227,5885,191279,168506,443009,-37141,11749,13725
China Pacific,2022,385689,138902,135136,25671,144905,45329,72985,-65,21782,14763
China Ping An,2022,530846,287174,291914,84007,352542,222584,218664,-1766,30425,-39416
CTPI(HK),2022,2711422,1788850,1794162,426302,1265508,874748,1070616,-692,257854,40082
Chong Hing,2022,40600,29696,30245,-2115,12194,11347,9760,-250,9440,13410
Chubb Insurance,2022,1776038,914901,904364,149414,620003,371275,333372,-595,257284,164889
CIGNA Worldwide General,2022,1623976,1512274,1429048,118121,962063,958697,997543,0,567093,-253709
CMBWL,2022,1202705,883293,840164,120645,440331,336100,496679,-30931,104615,149156
CNOOC Insurance,2022,966592,333295,286978,0,153754,36667,73717,0,52036,161225
COFACE,2022,467868,290255,304841,25354,192500,108710,69667,5432,132422,71966
Concord,2022,87051,31049,20509,1978,2553,1231,8627,4005,36695,-30796
Dah Sing Insurance (1976),2022,732483,521440,376398,87483,253027,182348,211673,0,79712,-2470
East Point Re,2022,0,0,0,0,0,0,0,0,0,0
EULER HERMES,2022,470035,110700,82865,-45756,-19555,-8536,354,0,72328,55939
Factory Mutual,2022,234265,106944,112822,-11826,12567,7633,-1142,0,19865,105925
Falcon Insurance,2022,454239,268340,270561,63202,190159,126678,141000,-609,56414,10554
First American Title,2022,0,0,0,0,0,0,0,0,4075,-4075
FuSure Re,2022,29779,29779,10427,2978,793,793,9722,0,944,-3217
Gard M&E Ltd.,2022,80110,37844,38765,10140,32271,19939,19312,0,1551,7762
GenRe,2022,65994,52365,49941,55,5513,4965,404,0,12957,36525
Hannover Re,2022,221671,110852,110582,9675,252048,126041,119772,-601,6187,-24451
HDI,2022,377454,174987,181582,18533,146588,29398,100698,4855,28671,28825
HKMCI,2022,2558053,2211270,1149017,720116,6457,4165,33106,0,42289,353506
Hong Leong Insurance (Asia),2022,213955,64793,67315,-34201,102780,30424,31639,0,56189,13688
HSBC Insurance,2022,0,0,0,0,0,0,0,0,0,0
Liberty Int'l,2022,1433110,1372810,1338292,292067,715628,691513,738934,0,195550,111741
LSMHK,2022,502263,320461,289178,53245,35078,21172,72266,0,70565,93102
Lloyd's,2022,595121,444117,406553,118113,278331,218097,-93913,-21723,16529,387547
London Steam-Ship,2022,45223,23879,23663,5396,16195,1619,1758,0,1353,15156
Min Xin,2022,44991,34107,30571,8505,18455,12545,24412,443,4035,-6824
MSIG Insurance,2022,978521,736250,735591,185096,356260,286818,265300,723,226331,58141
Munich Re,2022,430127,408407,439617,42094,174946,174846,310067,0,20245,67211
New India,2022,42970,40490,65978,10612,107123,106334,58365,-1989,7775,-8785
OneDegree,2022,115437,64630,64891,-6919,64977,57747,60230,0,133425,-121845
Pacific Insurance,2022,136702,116446,114529,17259,89245,58684,62519,-2956,23904,13803
Paofoong,2022,73113,61895,63095,15528,32084,30401,28877,-37,8980,9747
PartnerRe Europe,2022,18351,6394,5694,879,2208,869,2242,0,3114,-541
Peak Re,2022,712567,596729,555688,107935,410950,358915,278936,0,17940,150877
PICC (HK),2022,1123815,148132,145642,-27249,256095,99383,78284,180,35601,58826
Pioneer,2022,23875,17565,17880,5143,8392,8113,8112,-5,12044,-7414
Prudential (HK) General,2022,975240,920601,920096,234704,504353,496259,514123,2738,139468,29063
QBE General Insurance (HK),2022,390449,357613,350697,142356,76179,74262,58954,0,92826,56561
QBE HKSI,2022,1137555,1048829,1040674,272187,522897,438529,510865,0,227492,30130
QBE MI Asia,2022,72032,35839,75768,-20038,-771,-579,-510,0,19795,76521
SCOR Re,2022,148658,130096,121772,38369,28326,14180,34344,0,14808,34251
SEIL,2022,49517,42868,42925,1319,21112,18958,28379,0,6192,7035
Shipowners' Mutual,2022,80260,74012,77681,12414,36493,36161,4746,0,16202,44319
Sincere Insurance,2022,0,0,0,0,0,0,0,0,0,0
SIL,2022,456685,141716,128450,-24525,355192,57302,53152,132,30210,69481
Sompo Insurance (HK),2022,473565,276455,242674,52560,188892,90538,102755,7765,62126,17468
Standard Club Asia,2022,56377,12214,12254,2563,56800,5894,1925,0,3721,4045
Starr,2022,736384,36966,70847,-89475,238459,46518,49753,1711,25654,83204
STEAMSHIP MUTUAL,2022,189258,48112,47809,10924,52810,20771,30059,0,8546,-1720
Sun Hung Kai,2022,732314,319892,331131,-73600,359198,177861,252084,11601,31713,109333
Swiss Re (Asia),2022,652938,652287,691912,113849,503838,504024,33537,-910,28728,516708
Swiss Re Int'l SE,2022,156584,11408,10967,-21370,131329,646,1671,0,24571,6095
TPRe,2022,1435106,1034785,983299,215602,414957,272494,565511,0,39242,162944
Target,2022,128130,82833,388712,54038,286379,242460,524647,-24133,83429,-249269
Toa Re,2022,133485,128891,131699,31324,55516,55516,34332,-42,5890,60195
TMF (HK),2022,440250,322563,313070,58680,136915,115128,123774,883,81061,48672
Transatlantic Re,2022,85745,75980,77114,20622,64950,64210,27067,0,5534,23891
Trinity,2022,128452,109291,94042,6893,105992,92380,80575,-7605,4340,9839
TT Club,2022,293187,50670,49941,-21657,120137,9664,6719,0,47257,17622
Tugu,2022,120626,69992,61099,19044,66388,29093,76538,18020,10502,-63005
United Builders,2022,83867,71552,60790,11125,14262,10139,43682,-5029,8116,2896
UK P&I Club,2022,46455,8621,8621,3335,25873,2524,917,0,1750,2619
Well Link Insurance,2022,115354,104046,111718,14332,47294,36622,72366,128,37160,-12268
West of England,2022,571740,161214,161239,57605,303320,-57997,83961,0,38642,-18969
XL Insurance,2022,1848705,223331,207108,-24348,1010507,97236,56896,-7507,163402,18665
ZGIHK,2022,0,0,0,0,0,0,0,0,0,0
Zurich Insurance,2022,2585352,1522908,1497513,321422,1033856,617116,663848,-35948,344659,203532
